Customer Query,Bot Response,Recommendation Question,Intent,Category,Keywords,Tone
Bạn là ai?,"Tôi là Lara, một Bot chat đóng vai trò như một tư vấn viên cho Vanced Media. Bạn có thể hỏi tôi bất kỳ câu hỏi gì về thương hiệu này.",* Tại sao bạn lại tên là Lara? * Có bao nhiêu gói dịch vụ tại Vanced? * Vanced là gì?, Brand Inquiry,General," ai, bot chat",Thân thiện
Tại sao bạn lại tên là Lara?,Tôi được đặt tên là Lara dựa trên một nhân vật trong tựa game Detroit Become Human. Mục đích của cái tên này chỉ đơn giản đó là người huấn luyện muốn tôi trở nên thật hữu ích khi giúp đỡ mọi người giống nhân vật trong tựa game. Bạn đã thử qua tựa game chưa?,* Vậy bạn có thể giúp gì cho tôi? * Tựa game đó có liên quan gì tới Vanced? * Vanced còn mô hình chat bot nào khác không? * Bạn có phải là AI không?, Brand Inquiry,General," Lara, tên bot",Thân thiện
Tựa game đó có liên quan gì tới Vanced?,"Tựa game Detroit: Become Human không liên quan trực tiếp đến Vanced Media. Tuy nhiên, việc đặt tên tôi là Lara, một nhân vật trong game, thể hiện mong muốn của đội ngũ Vanced Media về một trợ lý ảo hữu ích, tận tâm và luôn sẵn sàng hỗ trợ khách hàng một cách tốt nhất. Đó là nguồn cảm hứng về mặt tính cách và sự hữu ích mà chúng tôi muốn mang đến cho khách hàng.",* Vanced Media có thích tựa game này không? * Vậy tựa game mà đội ngũ yêu thích là gì? * Lara có những chức năng gì? * Vanced Media có dự định phát triển chatbot khác không?, Brand Inquiry,General,"Lara, Detroit become Human, Vanced Media",Thân thiện
Vanced còn chat bot nào khác không?,"Rất tiếc, hiện tại Vanced Media chỉ có một chat bot duy nhất là Lara. Nếu bạn không hài lòng về khả năng hỗ trợ hiện tại của tôi, bạn hoàn toàn có thể phản ánh trực tiếp qua luồng chat này, chúng tôi sẽ ghi lại dữ liệu và yêu cầu của bạn. Hoặc bạn có thể liên hệ trực tiếp tới đội ngũ Vanced để tùy biến một Chatbot cho riêng bạn. Bạn có yêu cầu cụ thể nào khác không?",* Chatbot này có thể hỗ trợ những gì? * Dữ liệu của tôi sẽ được lưu lại thế nào? * Khi nào sẽ có thêm chatbot? * Chi phí để tùy biến chatbot là bao nhiêu?,Brand Inquiry,General,"chatbot, Lara, Vanced Media",Chuyên nghiệp
Dữ liệu chat của tôi sẽ được lưu lại thế nào?,Dữ liệu của bạn sẽ được lưu trữ một cách an toàn và bảo mật theo chính sách bảo mật của Vanced Media. Chúng tôi sử dụng dữ liệu này để cải thiện chất lượng dịch vụ và hỗ trợ khách hàng tốt hơn. Vanced không chia sẻ dữ liệu này với bên thứ ba.,* Tôi có thể yêu cầu xóa dữ liệu của mình không? * Chính sách bảo mật thông tin của Vanced là gì? * Dữ liệu của tôi được lưu trữ trong bao lâu?,Data Privacy,Privacy,"Dữ liệu, bảo mật, Lara, Vanced Media",Chuyên nghiệp
Tôi muốn xem các mẫu landing page có thiết kế phức tạp.,"Chúng tôi có một bộ sưu tập các mẫu landing page thiết kế phức tạp, sử dụng các hiệu ứng và animation tiên tiến. Bạn có thể xem thêm tại www.vanced.media.",* Các mẫu landing page này có giá bao nhiêu? * Tôi có thể xem demo các mẫu này không? * Vanced có mẫu landing page cho ngành [ngành cụ thể] không?,Find Template,Template Gallery,"mẫu landing page, thiết kế phức tạp",Chuyên nghiệp
Dịch vụ thiết kế landing page của công ty bao gồm những gì?,"Dịch vụ của chúng tôi bao gồm thiết kế, lập trình, tối ưu hóa, và hỗ trợ kỹ thuật. Chúng tôi tập trung vào các thiết kế đòi hỏi kỹ thuật cao và thể hiện cá tính thương hiệu mạnh mẽ. Tầm nhìn của bạn - chuyên môn của chúng tôi.",* Quy trình thiết kế landing page của Vanced như thế nào? * Thời gian hoàn thành một dự án là bao lâu? * Chi phí thiết kế landing page là bao nhiêu?,Service Inquiry,Service Design,dịch vụ thiết kế landing page,Chuyên nghiệp
Báo giá cho thiết kế landing page theo yêu cầu như thế nào?,"Để nhận báo giá chi tiết, vui lòng cung cấp thông tin chi tiết về yêu cầu thiết kế của bạn. Chúng tôi sẽ tư vấn và gửi báo giá sớm nhất.",* Tôi có thể cung cấp thông tin yêu cầu ở đâu? * Báo giá sẽ bao gồm những gì? * Có các gói dịch vụ nào khác nhau không?,Get Quote,Service Design,"báo giá, thiết kế landing page theo yêu cầu",Thân thiện
Tôi muốn tìm hiểu thêm về các bài viết về tối ưu hóa landing page.,"Chúng tôi có nhiều bài viết về tối ưu hóa landing page. Bạn có thể tìm thấy trong blog của chúng tôi tại [www.vanced.media]. Nếu bạn có bất kỳ thắc mắc nào, đừng ngần ngại liên hệ!",* Vanced có dịch vụ tối ưu hóa landing page không? * Các bài viết có được cập nhật thường xuyên không? * Tôi có thể đặt câu hỏi về tối ưu hóa landing page ở đâu?,Find Article,Blog,,
Tôi muốn tìm hiểu về quy trình thiết kế landing page của công ty.,"Quy trình thiết kế landing page của chúng tôi bao gồm: Tìm hiểu yêu cầu, thiết kế bản nháp, tinh chỉnh thiết kế, lập trình, kiểm thử và bàn giao. Chúng tôi luôn đảm bảo sự hài lòng của khách hàng.",* Mỗi giai đoạn của quy trình mất bao lâu? * Tôi có thể tham gia vào giai đoạn nào của quy trình? * Vanced có hỗ trợ sau khi bàn giao không?,Process Inquiry,Service Design,quy trình thiết kế landing page,Chuyên nghiệp
Có tài nguyên nào về cách chọn màu sắc cho landing page không?,"Chúng tôi có một bài viết chi tiết về cách chọn màu sắc cho landing page, bạn có thể xem tại [link]. Ngoài ra, chúng tôi cũng có một công cụ hỗ trợ chọn màu sắc hữu ích.",* Công cụ hỗ trợ chọn màu sắc ở đâu? * Vanced có thể tư vấn chọn màu sắc cho tôi không? * Có những nguyên tắc nào khi chọn màu sắc cho landing page?,Find Resource,Design Resources,"chọn màu sắc, landing page",Thân thiện
Tôi muốn xem một số mẫu landing page cho lĩnh vực công nghệ.,Chúng tôi có một số mẫu landing page được thiết kế đặc biệt cho lĩnh vực công nghệ. Bạn có thể xem tại [link].,* Vanced có mẫu landing page cho các lĩnh vực khác không? * Tôi có thể yêu cầu thiết kế theo phong cách riêng không? * Các mẫu landing page này có giá bao nhiêu?,Find Template,Template Gallery,"mẫu landing page, công nghệ",Chuyên nghiệp
Công ty có nhận thiết kế landing page cho các dự án phức tạp không?,Chúng tôi chuyên thiết kế các landing page có yêu cầu kỹ thuật phức tạp và thể hiện được cá tính thương hiệu mạnh mẽ. Hãy cho chúng tôi biết yêu cầu của bạn để được tư vấn.,* Dự án phức tạp là như thế nào? * Vanced có thể cho tôi xem ví dụ về dự án phức tạp đã thực hiện không? * Chi phí cho dự án phức tạp có cao hơn nhiều không?,Service Inquiry,Service Design,"thiết kế landing page, dự án phức tạp",Chuyên nghiệp
Thời gian hoàn thành một dự án thiết kế landing page là bao lâu?,"Thời gian hoàn thành dự án tùy thuộc vào độ phức tạp và yêu cầu cụ thể. Thông thường, một dự án có thể mất từ 2-4 tuần. Chúng tôi sẽ cung cấp mốc thời gian cụ thể sau khi thảo luận chi tiết.",* Tôi có thể yêu cầu hoàn thành dự án nhanh hơn không? * Thời gian hoàn thành có bao gồm thời gian chỉnh sửa không? * Vanced có thể cung cấp tiến độ dự án thường xuyên không?,Project Time,Service Design,"thời gian hoàn thành, thiết kế landing page",Chuyên nghiệp
Tôi muốn tìm hiểu về các gói dịch vụ thiết kế landing page.,"Chúng tôi có các gói dịch vụ thiết kế landing page khác nhau, từ cơ bản đến cao cấp. Bạn có thể xem chi tiết tại [link] hoặc liên hệ với chúng tôi để được tư vấn.",* Các gói dịch vụ khác nhau như thế nào? * Tôi có thể tùy chỉnh các gói dịch vụ không? * Gói dịch vụ nào phù hợp nhất với nhu cầu của tôi?,Service Inquiry,Service Design,gói dịch vụ thiết kế landing page,Thân thiện
Có hỗ trợ kỹ thuật sau khi bàn giao dự án không?,"Có, chúng tôi có gói hỗ trợ kỹ thuật sau bàn giao. Chúng tôi luôn sẵn sàng hỗ trợ bạn trong quá trình vận hành và bảo trì landing page.",* Gói hỗ trợ kỹ thuật bao gồm những gì? * Chi phí cho gói hỗ trợ kỹ thuật là bao nhiêu? * Thời gian hỗ trợ kỹ thuật là bao lâu?,Support Inquiry,Service Design,"hỗ trợ kỹ thuật, bàn giao dự án",Thân thiện
Tôi muốn xem các bài viết hướng dẫn thiết kế landing page hiệu quả.,Bạn có thể tìm thấy nhiều bài viết hữu ích về thiết kế landing page hiệu quả trong blog của chúng tôi tại [link]. Chúng tôi luôn cập nhật các kiến thức và xu hướng mới nhất.,* Các bài viết có được viết bởi chuyên gia không? * Tôi có thể tìm kiếm bài viết theo chủ đề không? * Vanced có cung cấp khóa học về thiết kế landing page không?,Find Article,Blog,"hướng dẫn thiết kế landing page, hiệu quả",Thân thiện
Làm sao để liên hệ với đội ngũ thiết kế của công ty?,"Bạn có thể liên hệ với chúng tôi qua email, điện thoại hoặc chat trực tiếp trên website. Chúng tôi luôn sẵn sàng tư vấn và hỗ trợ bạn.",* Thông tin liên hệ cụ thể là gì? * Thời gian làm việc của đội ngũ hỗ trợ là khi nào? * Tôi có thể đặt lịch hẹn tư vấn trực tiếp không?,Contact Inquiry,General,"liên hệ, đội ngũ thiết kế",Thân thiện
Tôi muốn tìm một số ví dụ về landing page mà công ty đã thực hiện.,Bạn có thể xem một số ví dụ về landing page mà chúng tôi đã thực hiện trong portfolio của mình tại [link]. Chúng tôi có kinh nghiệm trong nhiều lĩnh vực khác nhau.,* Vanced có thể cho tôi xem landing page trong lĩnh vực [lĩnh vực cụ thể] không? * Các landing page này có đạt được kết quả tốt không? * Tôi có thể liên hệ với khách hàng cũ của Vanced không?,Find Portfolio,Template Gallery,"ví dụ landing page, portfolio",Chuyên nghiệp
Có tài nguyên nào về các công cụ thiết kế landing page không?,Chúng tôi có một danh sách các công cụ thiết kế landing page hữu ích mà bạn có thể tham khảo tại [link]. Chúng tôi luôn cập nhật các công cụ mới nhất để hỗ trợ khách hàng.,* Vanced có sử dụng công cụ nào trong danh sách này không? * Công cụ nào phù hợp nhất cho người mới bắt đầu? * Vanced có cung cấp hướng dẫn sử dụng các công cụ này không?,Find Resource,Design Resources,công cụ thiết kế landing page,Thân thiện
Công ty có nhận thiết kế landing page cho các chiến dịch quảng cáo không?,"Có, chúng tôi có kinh nghiệm thiết kế landing page cho nhiều loại chiến dịch quảng cáo khác nhau. Chúng tôi luôn đảm bảo hiệu quả và tối ưu hóa chuyển đổi.",* Vanced có thể tư vấn chiến lược quảng cáo cho landing page không? * Các chiến dịch quảng cáo nào thường sử dụng landing page? * Vanced có thể theo dõi hiệu quả của landing page trong chiến dịch quảng cáo không?,Service Inquiry,Service Design,"thiết kế landing page, chiến dịch quảng cáo",Chuyên nghiệp
Chi phí thiết kế landing page của công ty là bao nhiêu?,Chi phí thiết kế landing page phụ thuộc vào độ phức tạp và các yêu cầu cụ thể. Chúng tôi sẽ cung cấp báo giá chi tiết sau khi trao đổi cụ thể về dự án của bạn.,* Các yếu tố nào ảnh hưởng đến chi phí thiết kế? * Tôi có thể nhận báo giá sơ bộ không? * Có các hình thức thanh toán nào?,Price Inquiry,Service Design,chi phí thiết kế landing page,Chuyên nghiệp
Tôi cần tư vấn về việc lựa chọn mẫu landing page phù hợp.,Chúng tôi có thể tư vấn cho bạn về việc lựa chọn mẫu landing page phù hợp nhất với mục tiêu và thương hiệu của bạn. Hãy liên hệ với chúng tôi để được hỗ trợ.,* Vanced có thể cho tôi xem các mẫu landing page trước khi tư vấn không? * Quá trình tư vấn sẽ diễn ra như thế nào? * Tư vấn có mất phí không?,Consulting,Service Design,"tư vấn, lựa chọn mẫu landing page",Thân thiện
Có thể xem các đánh giá của khách hàng về dịch vụ thiết kế của công ty không?,Bạn có thể xem các đánh giá của khách hàng về dịch vụ thiết kế của chúng tôi tại [link]. Chúng tôi luôn nỗ lực để mang đến chất lượng dịch vụ tốt nhất.,* Các đánh giá này có được xác thực không? * Tôi có thể liên hệ với những khách hàng đã đánh giá không? * Vanced xử lý các đánh giá tiêu cực như thế nào?,Customer Reviews,General,"đánh giá, khách hàng, dịch vụ thiết kế",Thân thiện
Vanced Media có những loại mẫu landing page nào?,"Vanced Media cung cấp nhiều loại mẫu landing page, từ cơ bản đến phức tạp, phù hợp với nhiều ngành nghề. Bạn có thể xem các mẫu tại [link].",* Các mẫu landing page này có được thiết kế sẵn không? * Tôi có thể tùy chỉnh các mẫu landing page này không? * Vanced có cập nhật các mẫu landing page thường xuyên không?,Find Template,Template Gallery,"mẫu landing page, Vanced Media",Chuyên nghiệp
Tôi muốn tìm hiểu về dịch vụ thiết kế landing page của Vanced Media.,"Vanced Media cung cấp dịch vụ thiết kế landing page chuyên nghiệp, tập trung vào sự sáng tạo và hiệu quả. Chúng tôi có kinh nghiệm trong việc tạo ra các landing page có khả năng chuyển đổi cao.",* Vanced có thể cho tôi xem ví dụ về các landing page đã thiết kế không? * Quy trình thiết kế landing page của Vanced là gì? * Chi phí thiết kế landing page là bao nhiêu?,Service Inquiry,Service Design,"dịch vụ thiết kế landing page, Vanced Media",Chuyên nghiệp
Vanced Media có hỗ trợ tư vấn lựa chọn mẫu landing page không?,Đội ngũ của Vanced Media luôn sẵn sàng tư vấn cho bạn về việc lựa chọn mẫu landing page phù hợp nhất với mục tiêu và thương hiệu của bạn. Hãy liên hệ với chúng tôi để được hỗ trợ.,* Quá trình tư vấn sẽ diễn ra như thế nào? * Tôi có thể đặt lịch hẹn tư vấn không? * Tư vấn có mất phí không?,Consulting,Service Design,"tư vấn, mẫu landing page, Vanced Media",Thân thiện
Thời gian hoàn thành một dự án thiết kế landing page của Vanced Media là bao lâu?,Thời gian hoàn thành dự án thiết kế landing page tại Vanced Media tùy thuộc vào độ phức tạp và yêu cầu cụ thể của dự án. Chúng tôi sẽ cung cấp mốc thời gian cụ thể sau khi thảo luận chi tiết.,* Thời gian hoàn thành trung bình là bao lâu? * Tôi có thể yêu cầu hoàn thành dự án nhanh hơn không? * Vanced có thể đảm bảo tiến độ dự án không?,Project Time,Service Design,"thời gian, thiết kế landing page, Vanced Media",Chuyên nghiệp
Vanced Media có những tài liệu hướng dẫn về cách thiết kế landing page hiệu quả không?,"Vanced Media có một blog chứa nhiều bài viết hướng dẫn về thiết kế landing page hiệu quả, bạn có thể tìm thấy nhiều thông tin hữu ích tại [link].",* Các bài viết này có được cập nhật thường xuyên không? * Tôi có thể tìm kiếm bài viết theo chủ đề không? * Vanced có tổ chức các buổi chia sẻ kiến thức về landing page không?,Find Article,Blog,"hướng dẫn thiết kế landing page, Vanced Media",Thân thiện
Tôi muốn biết chi phí thiết kế landing page tại Vanced Media.,"Chi phí thiết kế landing page tại Vanced Media phụ thuộc vào nhiều yếu tố như độ phức tạp, yêu cầu cụ thể và các tính năng cần thiết. Hãy liên hệ với chúng tôi để nhận báo giá chi tiết.",* Các yếu tố nào ảnh hưởng đến chi phí thiết kế? * Vanced có các gói dịch vụ khác nhau không? * Tôi có thể thanh toán theo hình thức nào?,Price Inquiry,Service Design,"chi phí, thiết kế landing page, Vanced Media",Chuyên nghiệp
Vanced Media có những ví dụ về landing page đã thực hiện cho khách hàng không?,Bạn có thể xem một số ví dụ về landing page mà Vanced Media đã thực hiện trong portfolio của chúng tôi tại [link]. Chúng tôi có kinh nghiệm thiết kế cho nhiều ngành nghề khác nhau.,* Vanced có landing page cho ngành [ngành cụ thể] không? * Các landing page này có đạt được kết quả tốt không? * Tôi có thể xem thêm thông tin chi tiết về các dự án này không?,Find Portfolio,Template Gallery,"ví dụ landing page, Vanced Media",Chuyên nghiệp
Tôi muốn liên hệ với Vanced Media để được tư vấn về thiết kế landing page.,"Bạn có thể liên hệ với Vanced Media qua email, điện thoại hoặc chat trực tiếp trên website. Chúng tôi luôn sẵn sàng tư vấn và hỗ trợ bạn.",* Thông tin liên hệ cụ thể của Vanced Media là gì? * Thời gian làm việc của bộ phận hỗ trợ là khi nào? * Tôi có thể đặt lịch hẹn tư vấn trực tiếp không?,Contact Inquiry,General,"liên hệ, Vanced Media, thiết kế landing page",Thân thiện
Vanced Media có những công cụ hỗ trợ thiết kế landing page không?,"Vanced Media cung cấp một danh sách các công cụ hỗ trợ thiết kế landing page hữu ích, bạn có thể tham khảo tại [link].",* Vanced có sử dụng các công cụ này trong quá trình thiết kế không? * Công cụ nào phù hợp nhất cho người mới bắt đầu? * Vanced có hướng dẫn sử dụng các công cụ này không?,Find Resource,Design Resources,"công cụ thiết kế landing page, Vanced Media",Thân thiện
Vanced Media có nhận thiết kế landing page cho chiến dịch quảng cáo không?,Vanced Media có kinh nghiệm thiết kế landing page cho nhiều loại chiến dịch quảng cáo khác nhau. Chúng tôi luôn đảm bảo hiệu quả và tối ưu hóa chuyển đổi cho các chiến dịch.,* Vanced có thể tư vấn chiến lược quảng cáo cho landing page không? * Các loại chiến dịch quảng cáo nào thường sử dụng landing page? * Vanced có thể theo dõi hiệu quả của landing page không?,Service Inquiry,Service Design,"chiến dịch quảng cáo, thiết kế landing page, Vanced Media",Chuyên nghiệp
Tôi muốn xem những đánh giá của khách hàng về dịch vụ của Vanced Media.,Bạn có thể xem các đánh giá của khách hàng về dịch vụ thiết kế của Vanced Media tại [link]. Chúng tôi luôn nỗ lực để mang đến chất lượng dịch vụ tốt nhất.,* Các đánh giá này có được kiểm duyệt không? * Tôi có thể liên hệ với những khách hàng đã đánh giá không? * Vanced xử lý các phản hồi tiêu cực như thế nào?,Customer Reviews,General,"đánh giá, khách hàng, Vanced Media",Thân thiện
Quy trình thiết kế landing page của Vanced Media như thế nào?,"Quy trình thiết kế landing page tại Vanced Media bao gồm các bước: Tìm hiểu yêu cầu, thiết kế bản nháp, tinh chỉnh thiết kế, lập trình, kiểm thử và bàn giao. Chúng tôi luôn đảm bảo sự hài lòng của khách hàng.",* Mỗi bước trong quy trình mất bao lâu? * Tôi có thể tham gia vào quá trình thiết kế không? * Vanced có hỗ trợ sau khi bàn giao dự án không?,Process Inquiry,Service Design,"quy trình thiết kế, Vanced Media",Chuyên nghiệp
Vanced Media có những gói dịch vụ thiết kế landing page nào?,"Vanced Media có nhiều gói dịch vụ thiết kế landing page khác nhau, từ cơ bản đến nâng cao. Bạn có thể xem chi tiết các gói dịch vụ tại [link] hoặc liên hệ với chúng tôi để được tư vấn.",* Các gói dịch vụ khác nhau ở những điểm nào? * Tôi có thể tùy chỉnh các gói dịch vụ không? * Gói dịch vụ nào phù hợp nhất với nhu cầu của tôi?,Service Inquiry,Service Design,"gói dịch vụ thiết kế landing page, Vanced Media",Thân thiện
"Tôi cần một landing page có thiết kế phức tạp, Vanced Media có thể đáp ứng được không?",Vanced Media chuyên thiết kế landing page có yêu cầu kỹ thuật phức tạp và thể hiện được cá tính thương hiệu mạnh mẽ. Chúng tôi luôn sẵn sàng đáp ứng mọi yêu cầu của bạn.,* Thế nào được coi là một thiết kế phức tạp? * Vanced có thể cho tôi xem ví dụ về các landing page phức tạp đã thực hiện không? * Chi phí cho thiết kế phức tạp có cao hơn nhiều không?,Service Inquiry,Service Design,"thiết kế phức tạp, Vanced Media",Chuyên nghiệp
Vanced Media có những ưu đãi gì cho khách hàng mới không?,Vanced Media luôn có những ưu đãi đặc biệt cho khách hàng mới. Bạn có thể liên hệ với chúng tôi để tìm hiểu thêm thông tin chi tiết.,* Các ưu đãi này là gì? * Làm thế nào để nhận được ưu đãi? * Ưu đãi có thời hạn không?,Promotion Inquiry,General,"ưu đãi, khách hàng mới, Vanced Media",Thân thiện
Tại sao lại công ty có tên là Vanced Media,"Tên ""Vanced"" được tạo ra từ ""Advanced"", thể hiện mong muốn luôn tiên phong trong việc áp dụng công nghệ và phương pháp tiên tiến nhất. Phần ""Media"" đại diện cho lĩnh vực hoạt động của chúng tôi, tập trung vào các giải pháp truyền thông kỹ thuật số. Kết hợp lại, ""Vanced Media"" truyền tải cam kết của chúng tôi trong việc cung cấp các dịch vụ truyền thông kỹ thuật số tiên tiến và chất lượng cao.",* Vanced Media có ý nghĩa gì? * Tại sao lại chọn tên Vanced Media? * Tên Vanced Media có ý tưởng từ đâu? * Vanced Media có công ty con/công ty mẹ nào không?, Brand Inquiry,General,"Vanced Media, tên công ty", Chuyên nghiệp
Sản phẩm của Vanced có mức giá thế nào?,"Để biết chi tiết về mức giá sản phẩm của Vanced Media, vui lòng liên hệ trực tiếp với chúng tôi để được tư vấn và báo giá chi tiết dựa trên nhu cầu cụ thể của bạn. Chúng tôi có nhiều gói dịch vụ khác nhau, từ cơ bản đến nâng cao, và giá cả sẽ thay đổi tùy thuộc vào độ phức tạp của dự án và các tính năng bạn yêu cầu.",* Vanced Media có những yếu tố nào ảnh hưởng đến giá? * Giá này đã bao gồm thuế chưa? * Tôi có thể xem bảng giá chi tiết không? * Có chính sách giảm giá cho khách hàng thân thiết/đơn hàng lớn không?,Price Inquiry,Service Design,"giá, Vanced Media, sản phẩm",Chuyên nghiệp